Workbook

Sheet Customers
A1: customer_id | B1: city | C1: state | D1: past_return_rate
A2: C001 | B2: Delhi | C2: Delhi | D2: 0.12
A3: C002 | B3: Mumbai | C3: Maharashtra | D3: 0.05
A4: C003 | B4: Bengaluru | C4: Karnataka | D4: 0.08
A5: C004 | B5: Chennai | C5: Tamil Nadu | D5: 0.04
A6: C005 | B6: Hyderabad | C6: Telangana | D6: 0.1
A7: C006 | B7: Pune | C7: Maharashtra | D7: 0.06
A8: C007 | B8: Jaipur | C8: Rajasthan | D8: 0.15
A9: C008 | B9: Lucknow | C9: Uttar Pradesh | D9: 0.18
A10: C009 | B10: Indore | C10: Madhya Pradesh | D10: 0.07
A11: C010 | B11: Patna | C11: Bihar | D11: 0.22

Sheet products
A1: product_id | B1: category | C1: base_price | D1: fragile
A2: P001 | B2: Electronics | C2: 24999 | D2: Yes
A3: P002 | B3: Fashion | C3: 1999 | D3: No
A4: P003 | B4: Home Appliances | C4: 12999 | D4: Yes
A5: P004 | B5: Beauty | C5: 799 | D5: No
A6: P005 | B6: Footwear | C6: 2999 | D6: No
A7: P006 | B7: Electronics | C7: 15999 | D7: Yes
A8: P007 | B8: Kitchen | C8: 3499 | D8: No
A9: P008 | B9: Furniture | C9: 18999 | D9: Yes

Sheet Risk %
A3: Row Labels | B3: Average of is_return | E3: High Risk= much higher returns
A4: High Risk | B4: 1 | E4: Low Risk=safer orders
A5: Low Risk | B5: 0
A6: Grand Total | B6: 0.625

Sheet Orders
A1: order_id | B1: customer_id | C1: product_id | D1: order_value | E1: discount_percent | F1: payment_method | G1: order_status | H1: order_date | I1: is_return | J1: Overall Return rate% | K1: Risk_Flag
A2: O001 | B2: C001 | C2: P001 | D2: 22499 | E2: 10 | F2: COD | G2: Returned | H2: 45296 | I2: =IF(OR(G2="Returned",G2="Cancelled",G2="Rejected"),1,0) -> 1 | K2: =IF(OR(F2="COD",H2="100+ km",VLOOKUP(B2,Customers!A:D,4,FALSE)>0.15),"High Risk","Low Risk") -> High Risk
A3: O002 | B3: C002 | C3: P002 | D3: 1799 | E3: 10 | F3: Prepaid | G3: Delivered | H3: 45297 | I3: =IF(OR(G3="Returned",G3="Cancelled",G3="Rejected"),1,0) -> 0 | J3: =AVERAGE(I2:I9)*100 -> 62.5 | K3: =IF(OR(F3="COD",H3="100+ km",VLOOKUP(B3,Customers!A:D,4,FALSE)>0.15),"High Risk","Low Risk") -> Low Risk
A4: O003 | B4: C003 | C4: P003 | D4: 11699 | E4: 10 | F4: COD | G4: Rejected | H4: 45298 | I4: =IF(OR(G4="Returned",G4="Cancelled",G4="Rejected"),1,0) -> 1 | K4: =IF(OR(F4="COD",H4="100+ km",VLOOKUP(B4,Customers!A:D,4,FALSE)>0.15),"High Risk","Low Risk") -> High Risk
A5: O004 | B5: C004 | C5: P004 | D5: 699 | E5: 12 | F5: Prepaid | G5: Delivered | H5: 45298 | I5: =IF(OR(G5="Returned",G5="Cancelled",G5="Rejected"),1,0) -> 0 | K5: =IF(OR(F5="COD",H5="100+ km",VLOOKUP(B5,Customers!A:D,4,FALSE)>0.15),"High Risk","Low Risk") -> Low Risk
A6: O005 | B6: C005 | C6: P005 | D6: 2699 | E6: 10 | F6: COD | G6: Returned | H6: 45299 | I6: =IF(OR(G6="Returned",G6="Cancelled",G6="Rejected"),1,0) -> 1 | K6: =IF(OR(F6="COD",H6="100+ km",VLOOKUP(B6,Customers!A:D,4,FALSE)>0.15),"High Risk","Low Risk") -> High Risk
A7: O006 | B7: C006 | C7: P006 | D7: 13999 | E7: 12 | F7: Prepaid | G7: Delivered | H7: 45300 | I7: =IF(OR(G7="Returned",G7="Cancelled",G7="Rejected"),1,0) -> 0 | K7: =IF(OR(F7="COD",H7="100+ km",VLOOKUP(B7,Customers!A:D,4,FALSE)>0.15),"High Risk","Low Risk") -> Low Risk
A8: O007 | B8: C007 | C8: P007 | D8: 2999 | E8: 15 | F8: COD | G8: Cancelled | H8: 45301 | I8: =IF(OR(G8="Returned",G8="Cancelled",G8="Rejected"),1,0) -> 1 | K8: =IF(OR(F8="COD",H8="100+ km",VLOOKUP(B8,Customers!A:D,4,FALSE)>0.15),"High Risk","Low Risk") -> High Risk
A9: O008 | B9: C008 | C9: P008 | D9: 16999 | E9: 10 | F9: COD | G9: Returned | H9: 45302 | I9: =IF(OR(G9="Returned",G9="Cancelled",G9="Rejected"),1,0) -> 1 | K9: =IF(OR(F9="COD",H9="100+ km",VLOOKUP(B9,Customers!A:D,4,FALSE)>0.15),"High Risk","Low Risk") -> High Risk

Sheet Return Rate
A3: Row Labels | B3: Average of is_return | D3: Higher % = more failed orders
A4: COD | B4: 1
A5: Prepaid | B5: 0 | D5: In India:
A6: Grand Total | B6: 0.625
D7: COD almost always has higher failure
D9: This validates business reality

Sheet Delivery
A1: order_id | B1: delivery_distance_km | C1: delivery_days | D1: distance_bucket | E1: Return
A2: O001 | B2: 120 | C2: 6 | D2: =IF(B2<=50,"0-50 km",IF(B2<=100,"50-100 km","100+ km")) -> 100+ km | E2: =VLOOKUP(A2,Orders!A:I,9,FALSE) -> 1
A3: O002 | B3: 18 | C3: 2 | D3: =IF(B3<=50,"0-50 km",IF(B3<=100,"50-100 km","100+ km")) -> 0-50 km | E3: =VLOOKUP(A3,Orders!A:I,9,FALSE) -> 0
A4: O003 | B4: 210 | C4: 7 | D4: =IF(B4<=50,"0-50 km",IF(B4<=100,"50-100 km","100+ km")) -> 100+ km | E4: =VLOOKUP(A4,Orders!A:I,9,FALSE) -> 1
A5: O004 | B5: 12 | C5: 2 | D5: =IF(B5<=50,"0-50 km",IF(B5<=100,"50-100 km","100+ km")) -> 0-50 km | E5: =VLOOKUP(A5,Orders!A:I,9,FALSE) -> 0
A6: O005 | B6: 95 | C6: 4 | D6: =IF(B6<=50,"0-50 km",IF(B6<=100,"50-100 km","100+ km")) -> 50-100 km | E6: =VLOOKUP(A6,Orders!A:I,9,FALSE) -> 1
A7: O006 | B7: 40 | C7: 3 | D7: =IF(B7<=50,"0-50 km",IF(B7<=100,"50-100 km","100+ km")) -> 0-50 km | E7: =VLOOKUP(A7,Orders!A:I,9,FALSE) -> 0
A8: O007 | B8: 160 | C8: 6 | D8: =IF(B8<=50,"0-50 km",IF(B8<=100,"50-100 km","100+ km")) -> 100+ km | E8: =VLOOKUP(A8,Orders!A:I,9,FALSE) -> 1
A9: O008 | B9: 300 | C9: 8 | D9: =IF(B9<=50,"0-50 km",IF(B9<=100,"50-100 km","100+ km")) -> 100+ km | E9: =VLOOKUP(A9,Orders!A:I,9,FALSE) -> 1

Sheet pivot by delivery
A3: Row Labels | B3: Average of Return | D3: 0-50 km → lowest return %
A4: 0-50 km | B4: 0
A5: 100+ km | B5: 1 | D5: 50-100 km → medium
A6: 50-100 km | B6: 1
A7: Grand Total | B7: 0.625 | D7: 100+ km → highest
